ArraySize,ArrayType,Algorithm,Time
100000,sorted,Merge Sort,46954800
100000,sorted,Enhanced Selection Sort,1544064200
100000,random,Merge Sort,64112300
100000,random,Enhanced Selection Sort,2761703100
100000,reversely sorted,Merge Sort,6298900
100000,reversely sorted,Enhanced Selection Sort,5653693600
1000000,sorted,Merge Sort,126293300
1000000,sorted,Enhanced Selection Sort,1145985728400
1000000,random,Merge Sort,448397100
1000000,random,Enhanced Selection Sort,838282158100
1000000,reversely sorted,Merge Sort,99124700
1000000,reversely sorted,Enhanced Selection Sort,933077032000
